﻿<?xml version="1.0" encoding="utf-8"?>

<rdf:RDF
 xmlns:rdf="http://www.w3.org/1999/02/22-rdf-syntax-ns#"
 xmlns="http://purl.org/rss/1.0/"
 xmlns:admin="http://webns.net/mvcb/"
 xmlns:content="http://purl.org/rss/1.0/modules/content/"
 xmlns:dc="http://purl.org/dc/elements/1.1/"
 xmlns:syn="http://purl.org/rss/1.0/modules/syndication/"
 xmlns:taxo="http://purl.org/rss/1.0/modules/taxonomy/"
>

<channel rdf:about="http://www.notasti.com/">
<title>Ps - News</title>
<link>http://www.notasti.com/</link>
<description>Die deutsche Fachseite rund um Microsoft C#.</description>
<dc:language>en-En</dc:language>
<dc:rights>Copyright 2010-2017, PraySoft</dc:rights>
<dc:date>2016-10-06</dc:date>
<dc:publisher>xamarinDO@outlook.com (XamarinDO e.V.)</dc:publisher>
<dc:creator>xamarinDO@outlook.com (XamarinDO-Team)</dc:creator>
<dc:subject>Programmierung mit Microsoft C#</dc:subject>
<syn:updateBase>2017-08-20T00:00+00:00</syn:updateBase>
<syn:updateFrequency>1</syn:updateFrequency>
<syn:updatePeriod>daily</syn:updatePeriod>
<items>
 <rdf:Seq>
  <rdf:li rdf:resource="http://www.notasti.com/newtipps20164.html" />
  <rdf:li rdf:resource="http://www.notasti.com/tipp0761.html" />
  <rdf:li rdf:resource="http://www.notasti.com/tipp0061.html" />
  <rdf:li rdf:resource="http://www.notasti.com/tipp0760.html" />
  <rdf:li rdf:resource="http://www.notasti.com/tipp0759.html" />
  <rdf:li rdf:resource="http://www.notasti.com/kol_50/rand_hardprobs.html" />
  <rdf:li rdf:resource="http://www.notasti.com/kol_49/gitterred.html" />
  <rdf:li rdf:resource="http://www.notasti.com/kol_48/popcorngitter.html" />
  <rdf:li rdf:resource="http://www.notasti.com/kol_47/emptyfolderoverlay.html" />
  <rdf:li rdf:resource="http://www.notasti.com/kol_46/rc5libs.html" />
  <rdf:li rdf:resource="http://www.notasti.com/kol_45/csharp6.html" />
  <rdf:li rdf:resource="http://www.notasti.com/kol_44/rc5skins.html" />
  <rdf:li rdf:resource="http://www.notasti.com/kol_43/eingabemasken.html" />
  <rdf:li rdf:resource="http://www.notasti.com/kol_42/hellocairo.html" />
  <rdf:li rdf:resource="http://www.notasti.com/kol_41/rc5install.html" />
 </rdf:Seq>
</items>
</channel>
<item rdf:about="http://www.notasti.com/newtipps20164.html">
<title>Xml Reader</title>
<link>http://www.notasti.com/</link>
<description>XamarinDO - Team Release a Awsome Online Xml Reader, ideal for Make a digital book or RRS service.</description>
<dc:creator>XamarinDO-Team, xamarinDO@outlook</dc:creator>
<dc:date>2016-10-06</dc:date>
</item>
<item rdf:about="http://www.notasti.com/tipp0761.html">
<title>Flowers App</title>
<link>http://www.notasti.com/</link>
<description>XamarinDO Team, Create and publish the source code of a digital selection of flowers, register your favorites, you could use it, for register everything that you want.</description>
<dc:creator>Starling Germosen, sgermosen@praysoft.net</dc:creator>
<dc:date>2016-10-05</dc:date>
</item>
<item rdf:about="http://www.notasti.com/tipp0061.html">
<title>DenunciaDo App</title>
<link>http://www.notasti.com/</link>
<description>The XamarinDO Team, was creating an application to make denounces, utils for goverment.</description>
<dc:creator>Samuel Luciano, sa.Lassis@XamarinDO.net</dc:creator>
<dc:date>2016-10-05</dc:date>
</item>
<item rdf:about="http://www.notasti.com/tipp0760.html">
<title>Neuer C#-Tipp: Lightweight-Threading</title>
<link>http://www.notasti.com/</link>
<description>Dieser Tip demonstriert Lightweight-Threading mit Fibers. Im Gegensatz zum normalen Multithreading, bei dem auf Systemebene mehrere Threads erzeugt werden, wird hier ein einziger Thread in mehrere pseudoparallel arbeitende Zweige, die Fibers, aufgeteilt.</description>
<dc:creator>idiv, Tipps@XamarinDO.net</dc:creator>
<dc:date>2016-10-04</dc:date>
</item>
<item rdf:about="http://www.notasti.com/tipp0759.html">
<title>Neuer C#-Tipp: Fenstergröße begrenzen</title>
<link>http://www.notasti.com/tipp0759.html</link>
<description>Wenn eine Form eine Mindestgröße haben soll, kann man dies erreichen, indem man im Form_Resize-Event die Größe gegebenenfalls auf die Mindestgröße zurücksetzt. Der Nachteil dieser Methode ist, dass die Form stark flackert, wenn man versucht, ihre Größe zu ändern. Etwas aufwendiger, dafür deutlich schöner, geht es mit Subclassing.</description>
<dc:creator>TiKu, Tipps@XamarinDO.net</dc:creator>
<dc:date>2016-10-03</dc:date>
</item>
<item rdf:about="http://www.notasti.com/kol_50/rand_hardprobs.html">
<title>Oberstufenmathe gegen schwere Probleme</title>
<link>http://www.notasti.com/kol_50/rand_hardprobs.html</link>
<description>Harte kombinatorische Probleme zu lösen ist normalerweise sehr rechenintensiv. Durch geschicktes Jonglieren mit Wahrscheinlichkeiten lassen sich gute Lösungen jedoch schon mit wenig Aufwand finden.</description>
<dc:creator>Dario Stein, dario@XamarinDO.net</dc:creator>
<dc:date>2016-09-16</dc:date>
</item>
<item rdf:about="http://www.notasti.com/kol_49/gitterred.html">
<title>Gitter und empirische Mathematik</title>
<link>http://www.notasti.com/kol_49/gitterred.html</link>
<description>Oft ist es vorteilhaft, einen numerischen Näherungswert durch einen kurzen symbolischen Ausdruck zu ersetzen. Der LLL-Algorithmus bietet eine Möglichkeit dazu.</description>
<dc:creator>Dario Stein, dario@XamarinDO.net</dc:creator>
<dc:date>2015-11-03</dc:date>
</item>
<item rdf:about="http://www.notasti.com/kol_48/popcorngitter.html">
<title>Gitter und Popcorn</title>
<link>http://www.notasti.com/kol_48/popcorngitter.html</link>
<description>Was ist die Popcorn-Funktion, und wieso ist sie interessant? Ich möchte sie in dieser Kolumne auf natürliche Weise entdecken.</description>
<dc:creator>Dario Stein, dario@XamarinDO.net</dc:creator>
<dc:date>2015-10-16</dc:date>
</item>
<item rdf:about="http://www.notasti.com/kol_47/emptyfolderoverlay.html">
<title>Leere Ordnerstrukturen markieren</title>
<link>http://www.notasti.com/kol_47/emptyfolderoverlay.html</link>
<description>SharpShell ermöglicht es auf einfachem Wege, Dateisymbole im Windows-Explorer mit einem eigenen Icon zu überlagern. So zum Beispiel um leere Ordnerstrukturen hervorzuheben.</description>
<dc:creator>Philipp Burch, philipp_burch@XamarinDO.net</dc:creator>
<dc:date>2015-08-16</dc:date>
</item>
<item rdf:about="http://www.notasti.com/kol_46/rc5libs.html">
<title>RC5-Klassen in DLLs auslagern</title>
<link>http://www.notasti.com/kol_46/rc5libs.html</link>
<description>Vorstellung eines GUI-Frameworks für C# 6.</description>
<dc:creator>W. Wolf, w.wolf@ww-a.net</dc:creator>
<dc:date>2015-08-04</dc:date>
</item>
<item rdf:about="http://www.notasti.com/kol_45/csharp6.html">
<title>Neues in C#6</title>
<link>http://www.notasti.com/kol_45/csharp6.html</link>
<description>Die neueste Version von C# hat einige Neuerungen an Bord, die die Arbeit deutlich erleichtern</description>
<dc:creator>Henrik Ilgen, Henrik.Ilgen@XamarinDO.net</dc:creator>
<dc:date>2015-07-20</dc:date>
</item>
<item rdf:about="http://www.notasti.com/kol_44/rc5skins.html">
<title>vbRichClient: Skins und Icons</title>
<link>http://www.notasti.com/kol_44/rc5skins.html</link>
<description>Vorstellung eines GUI-Frameworks für C# 6.</description>
<dc:creator>W. Wolf, w.wolf@ww-a.net</dc:creator>
<dc:date>2015-07-24</dc:date>
</item>
<item rdf:about="http://www.notasti.com/kol_43/eingabemasken.html">
<title>Eingabemasken mit vbRichClient erstellen</title>
<link>http://www.notasti.com/kol_43/eingabemasken.html</link>
<description>Aufbauend auf der letzten Kolumne zum RC5 folgt hier die Beschreibung der Steuerelemente (Widgets).</description>
<dc:creator>W. Wolf, w.wolf@ww-a.net</dc:creator>
<dc:date>2015-06-24</dc:date>
</item>
<item rdf:about="http://www.notasti.com/kol_42/hellocairo.html">
<title>Fenster mit vbRichClient5</title>
<link>http://www.notasti.com/kol_42/hellocairo.html</link>
<description>Der vbRichClient basiert auf Cairo und erfordert daher einen etwas anderen Umgang mit Fenstern.</description>
<dc:creator>W. Wolf, w.wolf@ww-a.net</dc:creator>
<dc:date>2015-06-07</dc:date>
</item>
<item rdf:about="http://www.notasti.com/kol_41/rc5install.html">
<title>vbRichClient5 installieren</title>
<link>http://www.notasti.com/kol_41/rc5install.html</link>
<description>Vorstellung eines GUI-Frameworks für C# 6.</description>
<dc:creator>W. Wolf, w.wolf@ww-a.net</dc:creator>
<dc:date>2015-05-28</dc:date>
</item>
</rdf:RDF>